date,Temperature,Humidity,Rainfall,Region
01-01-2022,21.58333333,48.91666667,7.640373007,South
02-01-2022,21.58333333,53.375,11.2248458,East
03-01-2022,21.16666667,54.41666667,9.301336309,North
04-01-2022,20.5,56.66666667,9.100463185,Central
05-01-2022,21.20833333,56.04166667,10.71709549,North
06-01-2022,22.375,57.54166667,11.40392992,East
07-01-2022,23.375,60.04166667,11.09525178,South
08-01-2022,22.75,67.29166667,10.17947796,Central
09-01-2022,21.91666667,59.375,8.855993323,West
10-01-2022,21.375,56.33333333,9.206032859,West
11-01-2022,22.75,51.08333333,11.30936203,South
12-01-2022,23.16666667,51.83333333,11.23332217,East
13-01-2022,22.83333333,61.58333333,11.38735482,South
14-01-2022,22.79166667,65.16666667,10.12574477,Central
15-01-2022,21.79166667,64.04166667,9.051436273,East
16-01-2022,18.33333333,69.95833333,10.48022585,Central
17-01-2022,19.58333333,46.16666667,8.21668644,West
18-01-2022,21.95833333,40.875,11.62042689,East
19-01-2022,23.5,42.5,9.668972814,West
20-01-2022,24.5,43.625,9.417270019,West
21-01-2022,25.33333333,48.04166667,8.59313097,West
22-01-2022,24.83333333,47.58333333,12.20422935,North
23-01-2022,25,40.70833333,8.559927012,West
24-01-2022,25.29166667,35.08333333,8.608510694,East
25-01-2022,25.83333333,34.04166667,10.29252284,East
26-01-2022,26.375,30.08333333,8.86975342,West
27-01-2022,24.79166667,35.25,10.32296742,North
28-01-2022,20.58333333,65.29166667,12.06993759,West
29-01-2022,20.375,61.25,10.3241625,Central
30-01-2022,22.125,41.33333333,9.933617528,Central
31-01-2022,22.79166667,32.45833333,12.6864361,North
01-02-2022,23.83333333,40.16666667,9.387992806,West
02-02-2022,23.41666667,45.83333333,11.60552914,Central
03-02-2022,23.625,47.5,10.15175156,East
04-02-2022,23.5,54.75,10.39962832,South
05-02-2022,23.625,40.375,10.23878829,East
06-02-2022,23.33333333,36.58333333,10.29468333,South
07-02-2022,21.875,30.75,10.60959131,East
08-02-2022,22.33333333,36.70833333,9.721772524,West
09-02-2022,21.875,53.5,10.68538486,West
10-02-2022,24.08333333,55.04166667,9.572329563,Central
11-02-2022,25.04166667,48.25,11.06349241,East
12-02-2022,25.375,48.625,8.01621384,East
13-02-2022,25.70833333,43.95833333,10.72305863,Central
14-02-2022,26.58333333,38.5,11.86105557,Central
15-02-2022,26.83333333,34.29166667,9.265543705,Central
16-02-2022,27.95833333,29.33333333,9.800880375,Central
17-02-2022,28.125,31,8.542519709,West
18-02-2022,28.20833333,30.16666667,12.86239272,Central
19-02-2022,28.58333333,29.95833333,12.28618147,North
20-02-2022,27.75,31.54166667,8.750439688,South
21-02-2022,27.29166667,33.91666667,9.88048106,South
22-02-2022,28,30.20833333,9.547789093,West
23-02-2022,28.375,26,10.75382723,Central
24-02-2022,27.33333333,23.41666667,9.313394315,North
25-02-2022,26.20833333,20.75,9.592149766,West
26-02-2022,26.41666667,20.95833333,11.43045884,West
27-02-2022,27.125,22.79166667,11.06112854,Central
28-02-2022,27.54166667,28.625,9.4631726,Central
01-03-2022,27.375,24.875,11.44987661,West
02-03-2022,26.41666667,31.29166667,8.550238293,West
03-03-2022,26.375,32.91666667,11.73092368,South
04-03-2022,25.25,33.5,9.194154856,West
05-03-2022,23,47.70833333,12.06414855,Central
06-03-2022,23.125,53.54166667,8.820548828,East
07-03-2022,21.75,60.41666667,10.05284472,East
08-03-2022,22.29166667,58,10.05193658,Central
09-03-2022,24.125,47.125,8.416675973,South
10-03-2022,24,42.91666667,7.641554103,West
11-03-2022,23.54166667,56.16666667,8.491868881,North
12-03-2022,23.04166667,62.08333333,10.34637974,Central
13-03-2022,22.75,55.91666667,8.193133524,West
14-03-2022,23.75,53.41666667,9.932224021,East
15-03-2022,26,24.58333333,10.28316422,Central
16-03-2022,27.91666667,19.04166667,9.911138017,West
17-03-2022,28.5,25.125,9.093072953,East
18-03-2022,29.45833333,27.58333333,11.32836223,North
19-03-2022,29.125,28.58333333,9.397756019,Central
20-03-2022,27.91666667,25.375,10.94634956,North
21-03-2022,26.625,24.70833333,10.68517533,Central
22-03-2022,25.70833333,36.29166667,11.8896453,Central
23-03-2022,28.29166667,40.66666667,11.13327592,South
24-03-2022,29.08333333,36.83333333,11.18922892,South
25-03-2022,29.79166667,35.66666667,12.65389295,West
26-03-2022,28.70833333,36.83333333,9.799006278,West
27-03-2022,27.83333333,46.08333333,10.32749184,South
28-03-2022,28.04166667,47.04166667,9.267240126,South
29-03-2022,28.33333333,38.41666667,8.958653855,South
30-03-2022,29.08333333,32.41666667,10.4810234,West
31-03-2022,29.5,34.41666667,8.852525649,East
01-04-2022,29.58333333,29.375,10.94892117,East
02-04-2022,29.91666667,24.375,11.6498984,East
03-04-2022,31.16666667,22.625,8.386361202,Central
04-04-2022,30.95833333,25.70833333,9.879058061,West
05-04-2022,30.79166667,27.33333333,8.663262297,Central
06-04-2022,30.25,26.95833333,10.59951381,Central
07-04-2022,29.66666667,29.83333333,9.154115303,South
08-04-2022,28.75,31.5,9.323133834,East
09-04-2022,27.70833333,25.375,9.01714139,Central
10-04-2022,29.20833333,32.83333333,10.13705543,East
11-04-2022,31.20833333,28.95833333,10.32758359,East
12-04-2022,31.70833333,25.58333333,11.72447774,East
13-04-2022,32.29166667,22.95833333,8.731673438,South
14-04-2022,31.58333333,30.79166667,9.035404157,North
15-04-2022,31.75,31.95833333,10.69262236,East
16-04-2022,31.58333333,33.41666667,8.882010185,Central
17-04-2022,30.91666667,40.375,9.301593615,East
18-04-2022,30.5,45.20833333,9.152007947,North
19-04-2022,31,39.41666667,10.2503024,Central
20-04-2022,31.66666667,32.83333333,10.53317013,South
21-04-2022,31.5,24.58333333,10.6172648,Central
22-04-2022,30.75,23.70833333,10.66239471,West
23-04-2022,30.20833333,35.16666667,9.70690778,East
24-04-2022,30.54166667,39.375,10.52226421,West
25-04-2022,29.875,46.75,10.47299755,North
26-04-2022,29.45833333,41.41666667,9.842421351,North
27-04-2022,29.41666667,40.58333333,11.28374462,North
28-04-2022,29.04166667,51.125,8.779611297,East
29-04-2022,30.33333333,52.70833333,8.560067783,West
30-04-2022,29.875,56.125,11.31329871,North
01-05-2022,30.08333333,56.125,9.251691534,North
02-05-2022,29.83333333,54.66666667,9.858972841,North
03-05-2022,30.41666667,53.83333333,11.96616919,North
04-05-2022,31.79166667,38.375,9.638140579,South
05-05-2022,31.70833333,39.125,10.39846517,East
06-05-2022,31.45833333,41,12.0189313,East
07-05-2022,32.5,39.70833333,11.26480813,South
08-05-2022,32,28.54166667,10.33522737,East
09-05-2022,30.91666667,39.41666667,10.91757294,Central
10-05-2022,31.66666667,39.16666667,8.83036994,North
11-05-2022,31.625,36.54166667,7.356499062,East
12-05-2022,31.25,31.04166667,10.08506287,West
13-05-2022,31.91666667,28.875,11.92079012,South
14-05-2022,31.375,32.04166667,9.982771899,Central
15-05-2022,30.66666667,39.25,9.489980287,South
16-05-2022,30.16666667,34.29166667,10.05120358,West
17-05-2022,29.75,40.45833333,9.01600612,South
18-05-2022,29.625,39.54166667,10.05560113,East
19-05-2022,28.83333333,50.16666667,11.83715803,Central
20-05-2022,28.41666667,56.375,10.11736321,East
21-05-2022,28.70833333,52.83333333,8.633400736,South
22-05-2022,29.08333333,55.70833333,7.489759487,North
23-05-2022,29.625,56.41666667,9.736822567,East
24-05-2022,30.75,45.45833333,8.378152108,East
25-05-2022,31.41666667,39.41666667,10.96207818,West
26-05-2022,31.33333333,45.125,10.50371781,North
27-05-2022,30.75,46.54166667,9.967648098,South
28-05-2022,29.83333333,49.5,8.775285636,North
29-05-2022,28.95833333,53.375,9.894141196,Central
30-05-2022,29.75,60.08333333,11.21024663,North
31-05-2022,30,62.66666667,8.061143357,East
01-06-2022,28.66666667,66.54166667,11.35717157,West
02-06-2022,26.79166667,54.91666667,10.79846705,South
03-06-2022,24.58333333,77.41666667,9.529948703,South
04-06-2022,23.5,83.79166667,9.737862939,East
05-06-2022,24.875,73.58333333,9.954528871,East
06-06-2022,26.375,70.75,9.914080984,West
07-06-2022,26.04166667,70,10.02423657,Central
08-06-2022,26.29166667,71.625,9.475176402,North
09-06-2022,25.58333333,70.58333333,8.355606092,North
10-06-2022,25.875,69.83333333,10.64736871,North
11-06-2022,26.16666667,71.41666667,9.837954771,West
12-06-2022,26,72.08333333,10.14248988,Central
13-06-2022,26.125,73.08333333,9.350845992,South
14-06-2022,25.91666667,75.375,8.146482478,West
15-06-2022,26.125,78.45833333,12.01430325,West
16-06-2022,25.08333333,84.5,9.324841954,South
17-06-2022,24.375,86.04166667,9.822359566,West
18-06-2022,23.45833333,90.41666667,11.51225569,North
19-06-2022,23.83333333,85.58333333,9.684937825,South
20-06-2022,25.66666667,77.83333333,8.719111522,Central
21-06-2022,25.91666667,75.45833333,11.043385,East
22-06-2022,25.58333333,73.08333333,8.903698817,South
23-06-2022,25.79166667,72.125,9.576266529,Central
24-06-2022,26.16666667,70.41666667,9.782938226,East
25-06-2022,26.58333333,69.91666667,10.92013109,West
26-06-2022,26.75,73.41666667,11.24831338,Central
27-06-2022,26.625,76.875,9.804901552,East
28-06-2022,26.45833333,78,10.34066358,Central
29-06-2022,26.125,78.79166667,10.09950463,North
30-06-2022,25.45833333,82.79166667,7.165557879,North
01-07-2022,25.95833333,80.04166667,9.490983728,South
02-07-2022,25.25,83.04166667,8.498309674,East
03-07-2022,25.66666667,77.58333333,8.836155763,Central
04-07-2022,24.83333333,82.20833333,7.990879148,Central
05-07-2022,23.375,88.125,8.448459158,East
06-07-2022,23.875,86.66666667,9.820620716,South
07-07-2022,24.33333333,84.16666667,10.19186239,West
08-07-2022,24.875,82.58333333,11.92608114,South
09-07-2022,25.29166667,80.16666667,9.398262017,South
10-07-2022,24.95833333,79.41666667,8.865232191,West
11-07-2022,25.29166667,77.83333333,9.729234381,South
12-07-2022,25.125,77.04166667,10.60414195,North
13-07-2022,24.83333333,77.04166667,8.676836906,East
14-07-2022,25.08333333,76.41666667,9.323705196,Central
15-07-2022,24.91666667,76.91666667,6.739678094,West
16-07-2022,23.70833333,84.25,10.57428984,West
17-07-2022,22.70833333,87.79166667,9.469813284,South
18-07-2022,23.75,87.04166667,11.3140742,South
19-07-2022,25.16666667,81.125,8.737487371,North
20-07-2022,25.125,81.29166667,7.687674246,Central
21-07-2022,25.04166667,79.95833333,10.38890653,South
22-07-2022,25.66666667,80.29166667,11.80215883,East
23-07-2022,26.125,78.41666667,10.09548004,South
24-07-2022,24.33333333,87.04166667,9.510131125,West
25-07-2022,23.125,89.04166667,9.264330665,West
26-07-2022,24.08333333,85.75,11.52354093,North
27-07-2022,25.04166667,80.20833333,10.30495918,East
28-07-2022,24.875,82.33333333,9.19928584,South
29-07-2022,25.33333333,80.20833333,10.97818652,South
30-07-2022,24.58333333,85.83333333,10.17329317,South
31-07-2022,24.83333333,82.125,9.93913617,North
01-08-2022,25.25,79.95833333,8.883679482,West
02-08-2022,25.58333333,81.33333333,11.3631278,Central
03-08-2022,25.41666667,80.20833333,10.09854159,East
04-08-2022,24.70833333,84.45833333,10.63575957,West
05-08-2022,22.95833333,92.83333333,10.72133183,East
06-08-2022,22.70833333,91.95833333,13.16291262,South
07-08-2022,22.29166667,90.375,7.916512581,South
08-08-2022,23.54166667,89.5,8.170499029,West
09-08-2022,24.04166667,85.66666667,8.189768342,East
10-08-2022,24.45833333,82.33333333,11.91811067,North
11-08-2022,24,83,9.669932326,North
12-08-2022,22.75,88.625,13.20432105,Central
13-08-2022,23,85.125,9.3291023,Central
14-08-2022,22.66666667,88.54166667,9.203526004,Central
15-08-2022,22.08333333,91.125,10.16147964,Central
16-08-2022,22.79166667,91.66666667,10.33870917,Central
17-08-2022,22.125,91.875,10.05970757,West
18-08-2022,22.95833333,89.75,7.842486467,South
19-08-2022,23.625,82.70833333,8.855497207,East
20-08-2022,23.54166667,85.875,7.108878212,North
21-08-2022,23.33333333,88.29166667,9.879448074,North
22-08-2022,22.45833333,91.95833333,8.753690975,South
23-08-2022,23.75,85.625,10.98539926,North
24-08-2022,23.125,84.91666667,8.929136811,Central
25-08-2022,23.79166667,82.95833333,10.95854486,East
26-08-2022,23.95833333,83.33333333,10.7197808,North
27-08-2022,23.83333333,82.91666667,9.124705433,West
28-08-2022,24,81.66666667,9.908044574,North
29-08-2022,23.5,81.91666667,9.54459185,West
30-08-2022,22.70833333,85.875,10.12416199,Central
31-08-2022,22.95833333,84.33333333,8.809202113,North
01-09-2022,23.95833333,82.33333333,10.15714054,West
02-09-2022,24.125,82.16666667,9.384288089,North
03-09-2022,24.5,80.875,11.04221413,South
04-09-2022,26.04166667,77.16666667,9.103656341,Central
05-09-2022,26.70833333,75.20833333,11.69032586,North
06-09-2022,27,72.875,10.73862533,West
07-09-2022,27.33333333,72.83333333,8.102446982,East
08-09-2022,25.54166667,81.70833333,9.634144273,East
09-09-2022,25.58333333,80.70833333,10.40586442,North
10-09-2022,26.33333333,76.75,10.2194276,East
11-09-2022,24.75,85.25,9.581342684,North
12-09-2022,24.70833333,83.95833333,8.806997722,East
13-09-2022,24.79166667,86.125,10.72190473,North
14-09-2022,23.875,84.5,9.706471266,South
15-09-2022,23.20833333,83.75,8.86913573,West
16-09-2022,23.54166667,87.29166667,11.26184271,Central
17-09-2022,24.20833333,85.125,11.38591765,East
18-09-2022,23.41666667,88.875,9.993572643,South
19-09-2022,23.16666667,86.75,10.46769636,Central
20-09-2022,22.875,89.70833333,9.823092877,North
21-09-2022,23.66666667,89.45833333,10.5476557,West
22-09-2022,24.45833333,86.79166667,9.649017608,West
23-09-2022,24.41666667,89.875,11.44812184,Central
24-09-2022,24.125,87.5,7.711056503,Central
25-09-2022,24.75,85.375,9.990803976,West
26-09-2022,24.54166667,85.08333333,10.60290425,West
27-09-2022,23.41666667,84.45833333,9.515689153,East
28-09-2022,22.91666667,83.5,11.36656509,Central
29-09-2022,23.625,79.375,8.685687296,Central
30-09-2022,23.58333333,79.375,10.28110235,East
01-10-2022,23.54166667,80.33333333,9.511560926,East
02-10-2022,23.41666667,82.79166667,8.943225124,East
03-10-2022,23.91666667,81.58333333,9.672362831,South
04-10-2022,25.41666667,72.95833333,8.20172304,Central
05-10-2022,24.79166667,75.66666667,10.16016801,South
06-10-2022,24.79166667,75.125,11.45589787,Central
07-10-2022,25.29166667,69.75,11.07466603,South
08-10-2022,25.41666667,66.25,10.93684355,South
09-10-2022,25.41666667,60.70833333,8.567344154,South
10-10-2022,25.25,65.08333333,11.79835966,South
11-10-2022,25.29166667,79.45833333,8.045724262,East
12-10-2022,24.33333333,77.58333333,11.32105667,Central
13-10-2022,23.45833333,79.125,11.23657108,East
14-10-2022,24.91666667,75.29166667,10.58631062,South
15-10-2022,22.04166667,94.04166667,11.16685665,Central
16-10-2022,22.45833333,91.95833333,10.46712815,West
17-10-2022,24.04166667,87.16666667,9.740831813,South
18-10-2022,23.91666667,83.375,11.23897252,North
19-10-2022,24.125,79.54166667,10.15458938,East
20-10-2022,23.70833333,86.45833333,8.290871307,North
21-10-2022,25.16666667,78.625,9.68755852,East
22-10-2022,25.41666667,76.125,10.83406003,West
23-10-2022,25.33333333,75.54166667,8.277515813,South
24-10-2022,25.45833333,63.875,8.323260716,Central
25-10-2022,25.04166667,61.25,12.27192961,South
26-10-2022,24.08333333,81.83333333,8.664117112,North
27-10-2022,23.25,85.41666667,10.66963741,West
28-10-2022,24.375,70.29166667,10.15435569,East
29-10-2022,24.33333333,53.66666667,9.88668191,Central
30-10-2022,24.375,55.20833333,10.96058982,North
31-10-2022,24.375,56.125,10.48019074,South
01-11-2022,24.08333333,59.25,10.12580317,Central
02-11-2022,24.79166667,60.91666667,8.550857738,South
03-11-2022,24.95833333,58.83333333,6.206432847,Central
04-11-2022,24.66666667,57.79166667,9.071879022,Central
05-11-2022,24.16666667,54.04166667,7.97041041,South
06-11-2022,23.54166667,49.33333333,9.710618643,West
07-11-2022,22.375,46.33333333,8.765888682,East
08-11-2022,22.33333333,61.41666667,9.854706266,South
09-11-2022,23.08333333,61.16666667,8.916610304,Central
10-11-2022,23.04166667,42.875,9.75033723,North
11-11-2022,21.625,41.33333333,10.72860825,Central
12-11-2022,20.70833333,43.83333333,9.272707082,North
13-11-2022,21.5,49.83333333,11.36054362,Central
14-11-2022,22.70833333,71.875,7.761977081,East
15-11-2022,24.66666667,66.33333333,9.509450918,West
16-11-2022,25.20833333,56.45833333,9.494124803,East
17-11-2022,24.79166667,59.33333333,10.12000059,North
18-11-2022,25.125,59.95833333,10.16193766,North
19-11-2022,25.45833333,54.5,8.524624483,Central
20-11-2022,25.58333333,60.41666667,9.556115431,Central
21-11-2022,25.5,64.04166667,8.154727004,Central
22-11-2022,25.66666667,60.08333333,9.668188146,East
23-11-2022,24.91666667,55.16666667,11.76443547,West
24-11-2022,24.79166667,55.54166667,11.09643269,East
25-11-2022,23.70833333,55.04166667,9.108819927,North
26-11-2022,23,46.79166667,9.228627552,North
27-11-2022,22.70833333,46.16666667,10.50742465,North
28-11-2022,22.04166667,64.75,10.222253,North
29-11-2022,21.45833333,68.79166667,8.857580558,Central
30-11-2022,23,71.70833333,9.223647611,East
01-12-2022,24,69.625,11.21039855,South
02-12-2022,25.125,61.08333333,10.12936378,South
03-12-2022,24.20833333,49.16666667,10.3371565,Central
04-12-2022,23.625,41.33333333,8.183544148,West
05-12-2022,23.625,40.375,11.1283432,East
06-12-2022,23.33333333,39.375,11.58721171,North
07-12-2022,22.08333333,38.875,9.082430136,Central
08-12-2022,22.16666667,38.125,10.20389166,South
09-12-2022,23,37.75,10.85416729,West
10-12-2022,23.70833333,42.75,10.06293515,West
11-12-2022,24.625,46.375,10.24996272,South
12-12-2022,24.20833333,53.25,7.835527857,North
13-12-2022,23.58333333,56.04166667,10.95520731,South
14-12-2022,22.29166667,61.875,7.395577395,East
15-12-2022,21.70833333,64.08333333,10.70392212,North
16-12-2022,23.95833333,51.5,11.66457737,West
17-12-2022,23.75,54.45833333,8.379133552,South
18-12-2022,23.33333333,49.91666667,7.337767745,West
19-12-2022,22.95833333,46.125,10.69380742,West
20-12-2022,22.20833333,43.83333333,7.991927935,Central
21-12-2022,21.45833333,38.66666667,12.78413336,Central
22-12-2022,20.83333333,30.20833333,9.648380802,South
23-12-2022,21.04166667,31.16666667,9.288507604,North
24-12-2022,21.5,33.625,9.679296293,South
25-12-2022,22.45833333,38.41666667,10.90779829,North
26-12-2022,22.5,42.25,10.21506824,East
27-12-2022,23.375,41.41666667,10.74073346,North
28-12-2022,23.75,46.875,11.31712823,South
29-12-2022,23.91666667,52.16666667,9.081346926,East
30-12-2022,23.54166667,43.04166667,7.409521155,Central
31-12-2022,24.125,42,9.331981524,East
01-01-2023,23.25,46.41666667,9.931007869,North
02-01-2023,24.08333333,58.45833333,10.39500315,South
03-01-2023,24.16666667,60.875,9.670261442,West
04-01-2023,24,48.29166667,9.073167026,West
05-01-2023,23.25,48.29166667,9.813032603,South
06-01-2023,23.20833333,58.91666667,9.787254218,South
07-01-2023,24.58333333,55.29166667,9.063613716,North
08-01-2023,24.125,62.625,8.680759504,East
09-01-2023,22.29166667,82.25,8.951915419,South
10-01-2023,23.375,76.5,11.3622537,North
11-01-2023,24.58333333,67,10.68125597,West
12-01-2023,24.29166667,60.54166667,11.11527512,North
13-01-2023,24.91666667,51.625,8.718876907,North
14-01-2023,24.375,47.625,12.25339373,Central
15-01-2023,24.70833333,47.29166667,8.81726622,East
16-01-2023,24.58333333,46.70833333,10.26710401,South
17-01-2023,25,51.04166667,9.995638703,East
18-01-2023,25.41666667,51,12.10079153,North
19-01-2023,26,53.875,9.642004862,East
20-01-2023,26.5,49.125,11.94515182,East
21-01-2023,25.79166667,44.95833333,9.490212093,East
22-01-2023,25.04166667,35.54166667,10.23669456,East
23-01-2023,25.91666667,30.70833333,8.893523925,East
24-01-2023,26.66666667,35.66666667,10.29512797,North
25-01-2023,26.29166667,38.625,9.823114681,Central
26-01-2023,25.91666667,36.08333333,9.861415785,Central
27-01-2023,25.54166667,30.5,10.18675425,South
28-01-2023,24.875,29.66666667,8.405397288,South
29-01-2023,24.875,33,9.19380221,West
30-01-2023,24.41666667,34.41666667,11.37671314,South
31-01-2023,24.66666667,33.95833333,10.21014488,South
01-02-2023,24.5,33.66666667,10.44153824,West
02-02-2023,24,36.5,13.35523392,North
03-02-2023,24.58333333,30.75,8.78027986,North
04-02-2023,23.70833333,27.625,11.66632453,Central
05-02-2023,23.91666667,29.29166667,10.60985545,Central
06-02-2023,24.25,33.41666667,10.59220168,West
07-02-2023,23.375,26.58333333,10.29599997,East
08-02-2023,23.41666667,26.70833333,8.304755544,East
09-02-2023,23.79166667,22.54166667,8.706442825,Central
10-02-2023,24.45833333,17.66666667,9.359132532,South
11-02-2023,25.66666667,19.125,9.409755896,Central
12-02-2023,25.70833333,17.41666667,10.87577926,West
13-02-2023,26,20.41666667,9.184906771,North
14-02-2023,26,26.79166667,10.4738712,Central
15-02-2023,25.66666667,31.45833333,9.925252189,East
16-02-2023,24.79166667,35.83333333,9.807023962,North
17-02-2023,24.29166667,42.33333333,8.726785765,East
18-02-2023,24.95833333,41.45833333,8.709498335,East
19-02-2023,22.70833333,43.95833333,8.86468447,South
20-02-2023,22.16666667,48.375,9.243539037,Central
21-02-2023,22.54166667,38.75,10.40148013,East
22-02-2023,24.375,34.25,8.360627772,East
23-02-2023,25.83333333,37.5,11.50366873,North
24-02-2023,27.04166667,33.5,9.533379399,East
25-02-2023,27.91666667,26.875,9.66422427,West
26-02-2023,28.41666667,27.16666667,8.788560922,South
27-02-2023,27.25,30.16666667,10.34947547,North
28-02-2023,28.375,26.45833333,9.545732941,Central
01-03-2023,28.75,23.91666667,11.60379883,North
02-03-2023,28.875,19.83333333,8.314765849,Central
03-03-2023,28.58333333,17.91666667,9.898059316,South
04-03-2023,29.08333333,14.20833333,12.35506358,Central
05-03-2023,28.79166667,15.95833333,12.52698698,North
06-03-2023,28.875,15.375,9.967720184,North
07-03-2023,29.41666667,19.08333333,9.197430655,South
08-03-2023,29.41666667,21.83333333,8.78946061,North
09-03-2023,29.25,18.08333333,7.949458869,South
10-03-2023,30.125,18.83333333,8.893561994,North
11-03-2023,30.125,20.91666667,9.580256789,West
12-03-2023,29.45833333,21.45833333,10.48665495,Central
13-03-2023,29.29166667,22.83333333,8.894970181,Central
14-03-2023,29.33333333,19.95833333,10.87542337,West
15-03-2023,30.125,20.5,9.154140804,Central
16-03-2023,30.04166667,21.70833333,9.139352799,West
17-03-2023,30.5,20.33333333,9.906724925,Central
18-03-2023,29.66666667,20.5,9.101345266,Central
19-03-2023,29.79166667,22.58333333,9.117172899,South
20-03-2023,28.58333333,25.25,10.29091182,South
21-03-2023,28.625,23.20833333,8.531337457,North
22-03-2023,28.08333333,24.25,10.18660436,West
23-03-2023,28.91666667,23.08333333,7.910746605,Central
24-03-2023,28.70833333,21.91666667,10.73402889,North
25-03-2023,29.20833333,23.125,8.624551507,West
26-03-2023,30.45833333,14.83333333,12.86987209,Central
27-03-2023,31.33333333,10.58333333,9.699433033,North
28-03-2023,31.79166667,10.83333333,8.245003018,East
29-03-2023,31.41666667,22.95833333,12.01566527,North
30-03-2023,31.875,21.75,10.95263377,North
31-03-2023,29.58333333,25.20833333,10.23738779,North
01-04-2023,28.58333333,20.33333333,9.688862217,East
02-04-2023,28.33333333,28.70833333,10.18977113,South
03-04-2023,27.58333333,42,10.6424118,West
04-04-2023,28.125,45.66666667,9.9853014,Central
05-04-2023,29.08333333,43.16666667,10.92845222,South
06-04-2023,30.41666667,34.04166667,8.876877155,West
07-04-2023,32.16666667,22.54166667,11.15302204,North
08-04-2023,31.83333333,22.16666667,9.916117076,North
09-04-2023,30.70833333,26.5,14.02587401,East
10-04-2023,30.45833333,31.625,8.211679008,East
11-04-2023,30.54166667,27.125,10.22790971,North
12-04-2023,31.70833333,24.91666667,11.00642555,North
13-04-2023,31.125,23.75,12.25484126,West
14-04-2023,31,21,11.6477376,North
15-04-2023,30.125,23.5,11.28551919,South
16-04-2023,29,31,11.72121305,North
17-04-2023,28.91666667,29.5,7.316672447,East
18-04-2023,29.875,31,10.99576623,Central
19-04-2023,30.95833333,29.625,11.8735593,East
20-04-2023,29.91666667,35,11.13465279,Central
21-04-2023,29.04166667,44.45833333,10.68856592,Central
22-04-2023,29.16666667,40.04166667,10.86757129,East
23-04-2023,30,31.08333333,11.11566369,South
24-04-2023,30,30.375,11.56260414,East
25-04-2023,29.625,29.79166667,10.61822075,North
26-04-2023,31.20833333,31.41666667,8.208520817,West
27-04-2023,31.375,38.04166667,9.28553067,East
28-04-2023,30.20833333,37.29166667,7.895782441,North
29-04-2023,30.125,40.08333333,11.38735798,North
30-04-2023,30.58333333,37.375,11.49920729,Central
01-05-2023,29.54166667,38.54166667,9.496012111,South
02-05-2023,29.5,38.41666667,9.443761985,East
03-05-2023,29.33333333,39.20833333,8.014748716,East
04-05-2023,29.79166667,40.16666667,11.940638,North
05-05-2023,30.33333333,33.91666667,10.81401664,South
06-05-2023,30.75,35.58333333,12.03681446,East
07-05-2023,30.54166667,40.875,9.705257769,East
08-05-2023,29.75,49.375,10.64909097,West
09-05-2023,29.45833333,51.95833333,11.12715787,Central
10-05-2023,30.58333333,42.625,11.67165518,West
11-05-2023,30.04166667,46.875,10.22750461,North
12-05-2023,29.25,49.66666667,11.37019545,West
13-05-2023,28.95833333,48.375,8.704133268,South
14-05-2023,28.83333333,46.20833333,8.699309216,South
15-05-2023,30.79166667,40.45833333,9.288076088,North
16-05-2023,31.58333333,40.79166667,10.95658257,West
17-05-2023,27.5,52.41666667,9.52385757,West
18-05-2023,26.41666667,60.58333333,10.99031492,North
19-05-2023,27.20833333,63.79166667,9.348963147,Central
20-05-2023,26.16666667,67.04166667,10.20147919,Central
21-05-2023,27.33333333,66.625,9.547691562,East
22-05-2023,26.875,66.54166667,8.612203022,North
23-05-2023,25.91666667,66.54166667,9.632232371,North
24-05-2023,26.08333333,65.95833333,11.16180229,North
25-05-2023,26.70833333,66.54166667,8.597510934,South
26-05-2023,26.70833333,66.41666667,10.06743664,North
27-05-2023,26.66666667,67.25,11.20767676,East
28-05-2023,26.83333333,63.45833333,9.329942829,West
29-05-2023,27.5,62.83333333,12.22249724,West
30-05-2023,27.91666667,59.95833333,11.64357376,East
31-05-2023,26.83333333,65.20833333,10.85937022,West
01-06-2023,27.04166667,65.625,8.878204391,Central
02-06-2023,26.625,71.54166667,9.681620976,North
03-06-2023,25,77.16666667,11.22180117,East
04-06-2023,25.79166667,70.04166667,11.87173167,West
05-06-2023,26.20833333,70.08333333,9.646601913,West
06-06-2023,24.375,76.33333333,11.69625018,South
07-06-2023,25.04166667,71.16666667,8.744062264,South
08-06-2023,25.33333333,71.95833333,9.1485318,North
09-06-2023,25.58333333,70.75,11.87095311,North
10-06-2023,25.375,71.375,8.754065794,Central
11-06-2023,23.33333333,83.75,8.578757707,East
12-06-2023,24.5,80.54166667,8.676670476,Central
13-06-2023,25.41666667,75.75,10.00618304,Central
14-06-2023,25.58333333,77.25,10.18721575,South
15-06-2023,25.04166667,80.41666667,7.167227643,West
16-06-2023,25.20833333,75.125,10.81252145,Central
17-06-2023,24.29166667,80.58333333,9.827919605,East
18-06-2023,23.45833333,86.83333333,10.01854883,South
19-06-2023,24.45833333,77.75,10.55576783,West
20-06-2023,23.95833333,75.45833333,10.47587429,Central
21-06-2023,24.20833333,78.41666667,9.875493843,West
22-06-2023,24.83333333,73,11.15006732,North
23-06-2023,25.20833333,71.66666667,10.64487577,West
24-06-2023,25.29166667,70.375,10.7949323,East
25-06-2023,24.08333333,70.41666667,9.88224081,West
26-06-2023,24.5,72.08333333,11.46255578,South
27-06-2023,25.45833333,69.29166667,8.805259696,North
28-06-2023,25.16666667,70.5,11.88996207,South
29-06-2023,24.79166667,74.75,8.498636183,North
30-06-2023,25.41666667,73.875,8.837465178,West
01-07-2023,25.625,73.66666667,10.10509329,Central
02-07-2023,24.95833333,75.875,10.85065786,West
03-07-2023,25.58333333,73.41666667,10.90973513,East
04-07-2023,25.08333333,76.375,11.30825632,North
05-07-2023,25.91666667,71.33333333,10.32234675,East
06-07-2023,25.16666667,77.375,9.514818608,Central
07-07-2023,26.25,72.41666667,10.66627413,South
08-07-2023,26.45833333,72.5,9.729759655,West
09-07-2023,25.41666667,75.91666667,10.39044396,West
10-07-2023,23.20833333,86.625,11.18717361,East
11-07-2023,23.29166667,83.66666667,8.554841396,Central
12-07-2023,23.79166667,85.20833333,10.35733705,West
13-07-2023,23.875,88.125,10.39553218,East
14-07-2023,23.5,89.125,12.38186813,East
15-07-2023,23.70833333,86.91666667,9.936996846,South
16-07-2023,23.875,90.41666667,10.356918,East
17-07-2023,24.20833333,86,8.645507508,East
18-07-2023,24.83333333,82.54166667,9.65826125,East
19-07-2023,24.5,86.16666667,10.58760385,South
20-07-2023,23.41666667,90.54166667,9.323722063,Central
21-07-2023,22.04166667,90.75,9.561105008,Central
22-07-2023,22.66666667,88.41666667,11.34058929,Central
23-07-2023,22.875,90.875,9.790302475,Central
24-07-2023,22.91666667,92.41666667,11.61533538,North
25-07-2023,22.95833333,92.5,11.34978006,East
26-07-2023,23,91.08333333,9.062542065,North
27-07-2023,23.04166667,88.04166667,10.16680632,West
28-07-2023,23.33333333,81.66666667,9.556045442,North
29-07-2023,23.79166667,80.54166667,9.747159063,Central
30-07-2023,22.79166667,87.33333333,10.11320297,North
31-07-2023,22.83333333,87.33333333,9.230857472,North
01-08-2023,22.79166667,89.70833333,10.55500719,Central
02-08-2023,23.70833333,85.25,11.54159958,East
03-08-2023,23.5,84.45833333,9.822146897,East
04-08-2023,24.04166667,81.75,8.771078651,Central
05-08-2023,23.33333333,85.04166667,7.269991226,East
06-08-2023,23.79166667,82.25,10.72250012,North
07-08-2023,23.83333333,81.875,10.38860215,East
08-08-2023,24.16666667,80.95833333,8.537504515,East
09-08-2023,24.25,80.375,9.047839492,East
10-08-2023,24.20833333,78,9.09631518,Central
11-08-2023,23.91666667,77,8.270871808,Central
12-08-2023,24.125,78.58333333,8.85861466,Central
13-08-2023,24.41666667,78.33333333,10.88545784,West
14-08-2023,24.16666667,79.29166667,8.431763101,North
15-08-2023,23.70833333,78.91666667,12.18577573,Central
16-08-2023,23.70833333,79.41666667,9.89524382,Central
17-08-2023,24.16666667,78.875,11.93226866,South
18-08-2023,22.875,85.20833333,9.535259133,Central
19-08-2023,21.875,89.41666667,10.89306887,South
20-08-2023,22.75,80.20833333,8.539144605,South
21-08-2023,22.41666667,87.83333333,7.562894098,Central
22-08-2023,22.5,85.58333333,9.337905563,West
23-08-2023,22.66666667,87.08333333,11.02579288,North
24-08-2023,23.79166667,79.45833333,11.32473094,West
25-08-2023,24.29166667,79.58333333,9.36829233,North
26-08-2023,24.04166667,81.79166667,11.51841273,North
27-08-2023,24.08333333,80.91666667,10.5709704,North
28-08-2023,23.83333333,81.75,11.06544071,Central
29-08-2023,24.58333333,76.25,11.12615732,South
30-08-2023,24.25,76.625,9.371760237,Central
31-08-2023,23.33333333,80.91666667,10.13346655,East
01-09-2023,22.45833333,81.41666667,10.30134799,Central
02-09-2023,23.04166667,79.70833333,10.45470974,East
03-09-2023,23.20833333,81.79166667,10.63245553,South
04-09-2023,23.75,81.33333333,8.818740435,East
05-09-2023,23.95833333,82.66666667,10.16744094,West
06-09-2023,23.29166667,83.79166667,9.456829396,South
07-09-2023,22.95833333,85.625,9.872781592,North
08-09-2023,21.91666667,95.41666667,9.408174909,West
09-09-2023,21.91666667,95.33333333,11.04364708,Central
10-09-2023,23.375,87.875,9.086967217,Central
11-09-2023,22.875,89.33333333,10.69158137,East
12-09-2023,23.04166667,88.95833333,9.783939236,Central
13-09-2023,22.83333333,90.79166667,9.761353094,South
14-09-2023,23.58333333,89.45833333,9.878562442,East
15-09-2023,22.41666667,93,10.64396239,East
16-09-2023,23.45833333,82.79166667,8.854789503,West
17-09-2023,23.125,83.79166667,9.625701155,Central
18-09-2023,22.95833333,82.91666667,8.43021273,Central
19-09-2023,23.29166667,80.79166667,10.51820892,East
20-09-2023,23.04166667,82.58333333,9.292924192,West
21-09-2023,23.125,84.41666667,9.027976078,Central
22-09-2023,23.125,86.04166667,10.32573689,East
23-09-2023,23.08333333,84.25,11.53770333,East
24-09-2023,23.375,84.25,10.05591354,North
25-09-2023,23.54166667,84.25,10.86580315,South
26-09-2023,23.375,80.5,11.34714743,West
27-09-2023,23.20833333,81.5,9.976724591,East
28-09-2023,23.25,84.75,8.151580886,East
29-09-2023,21.29166667,95.375,12.70377522,West
30-09-2023,22.45833333,87.29166667,8.497264874,West
01-10-2023,24.33333333,82.125,11.14940311,East
02-10-2023,24.41666667,81.91666667,9.479156513,South
03-10-2023,24.625,83,9.86236379,South
04-10-2023,25.45833333,79.5,10.73171362,West
05-10-2023,26.125,75.16666667,9.990794111,East
06-10-2023,25.625,78.83333333,9.429023502,West
07-10-2023,25.58333333,78.625,12.1898958,North
08-10-2023,25.25,80,10.7067659,South
09-10-2023,24.625,82.66666667,9.232660573,East
10-10-2023,23.25,86.625,9.243913922,South
11-10-2023,22.83333333,88.08333333,9.570160546,South
12-10-2023,25.33333333,70.20833333,11.35293522,Central
13-10-2023,25.75,66,9.37715274,East
14-10-2023,25.66666667,61.25,8.43700567,East
15-10-2023,25.375,58.70833333,11.54941597,South
16-10-2023,25.45833333,59.95833333,9.710599263,Central
17-10-2023,25.45833333,61,9.401938698,West
18-10-2023,24.54166667,67.875,9.561753217,South
19-10-2023,23.41666667,79.41666667,10.8987901,South
20-10-2023,23.08333333,74.45833333,10.27412787,Central
21-10-2023,23.95833333,70.58333333,10.02538992,North
22-10-2023,24.41666667,58.83333333,10.86880214,West
23-10-2023,24.04166667,59.75,8.387404014,West
24-10-2023,23.91666667,65.625,11.45472374,East
25-10-2023,23.91666667,66.45833333,7.789053844,Central
26-10-2023,23.70833333,66.33333333,9.927417775,West
27-10-2023,24.5,53.91666667,9.72931236,Central
28-10-2023,23.54166667,48.04166667,9.037273555,East
29-10-2023,23.5,49.54166667,11.27908853,South
30-10-2023,23.33333333,53.79166667,11.70112712,Central
31-10-2023,23.58333333,54.125,8.281552972,Central
01-11-2023,24.375,53.875,9.083806728,North
02-11-2023,25.20833333,57.625,10.08518237,Central
03-11-2023,24.79166667,60.95833333,9.007123392,South
04-11-2023,25.29166667,58.375,8.909841486,North
05-11-2023,24.75,59.54166667,8.785151019,Central
06-11-2023,24.625,63.16666667,9.451763965,West
07-11-2023,23.08333333,75.75,9.946246014,West
08-11-2023,23.91666667,54.125,11.32867905,Central
09-11-2023,23.41666667,45.75,9.352623511,North
10-11-2023,22.95833333,40.375,11.2540865,Central
11-11-2023,22.79166667,38.79166667,12.88452348,East
12-11-2023,22.33333333,37.95833333,7.829874765,Central
13-11-2023,22.70833333,40.83333333,9.654585786,West
14-11-2023,24.16666667,59.70833333,8.377988053,West
15-11-2023,25.04166667,65.79166667,10.77785871,South
16-11-2023,25.75,64.54166667,9.252824455,East
17-11-2023,25.25,70.25,10.41919077,Central
18-11-2023,23.375,82.375,10.63502726,Central
19-11-2023,23.83333333,78.04166667,11.07005317,Central
20-11-2023,24.5,70.29166667,11.38640896,South
21-11-2023,23,83.41666667,9.72402083,Central
22-11-2023,24,81.91666667,10.26071269,East
23-11-2023,23.875,83,9.238167846,South
24-11-2023,24.75,77.70833333,10.05892381,East
25-11-2023,26.16666667,68.91666667,12.24962696,East
26-11-2023,25.125,59,10.78107282,Central
27-11-2023,24.75,53.58333333,10.00383613,Central
28-11-2023,24.29166667,52.91666667,10.85946332,South
29-11-2023,22.58333333,52.33333333,8.498304111,East
30-11-2023,21.125,50.625,9.150094021,Central
01-12-2023,21.04166667,68.20833333,11.39757572,East
02-12-2023,20.20833333,83.33333333,10.48931568,South
03-12-2023,18.375,91.875,9.227596277,Central
04-12-2023,20.58333333,85.75,9.562542769,West
05-12-2023,21.95833333,75.625,8.30820102,Central
06-12-2023,22.54166667,71.54166667,10.73256713,South
07-12-2023,22.20833333,67.08333333,9.209597589,West
08-12-2023,22.41666667,57.125,11.13610482,North
09-12-2023,22.33333333,55.83333333,8.572850781,West
10-12-2023,22.5,57.54166667,11.21385864,Central
11-12-2023,22.875,66.66666667,10.30069281,Central
12-12-2023,23.54166667,54.33333333,9.392414906,Central
13-12-2023,22.66666667,53.125,10.57180403,West
14-12-2023,23.04166667,53,8.391135481,West
15-12-2023,22.79166667,55.58333333,9.202383706,South
16-12-2023,22.70833333,55.375,11.72905674,East
17-12-2023,22.54166667,55.75,9.889789984,East
18-12-2023,22.45833333,53.45833333,9.905730551,South
19-12-2023,21.375,49.5,10.16115236,East
20-12-2023,20.5,49.20833333,10.5248556,North
21-12-2023,20.5,44.58333333,9.573297152,Central
22-12-2023,21.29166667,44.75,8.447007671,North
23-12-2023,21.95833333,50.70833333,11.22960416,West
24-12-2023,22.5,49.95833333,12.70510061,South
25-12-2023,22.04166667,51.04166667,9.414862066,West
26-12-2023,21.66666667,45.45833333,9.400074369,East
27-12-2023,22.79166667,41.125,9.494382929,East
28-12-2023,23.08333333,44.20833333,10.1168653,Central
29-12-2023,22.83333333,53.5,10.24946489,North
30-12-2023,21.25,53.33333333,10.25626826,South
31-12-2023,21.25,54.45833333,9.517982505,West
01-01-2024,22.625,48.41666667,10.87769831,North
02-01-2024,23.08333333,45.375,7.290902994,South
03-01-2024,23.08333333,46.70833333,10.94964477,North
04-01-2024,23.5,47.25,8.889198381,South
05-01-2024,23.70833333,45.83333333,9.850423116,West
